screen	section	comp_idx	type	label	custom_name	variant	triggers_api	binds_to	state	validation	placeholder	options	note_len
SCREEN-001	① 세션 확인 (로딩)	0.0	Custom	세션을 확인하는 중	Spinner				"""loading"""				38
SCREEN-001	② 인증 실패 안내	1.0	Alert	로그인 서버 연결 실패 / 세션 만료 안내		destructive			"""error"""				51
SCREEN-002	안내 헤더	0.0	Heading	권한 부여 필요									0
SCREEN-002	안내 헤더	0.1	Custom	관리자에게 받은 패스워드로 역할을 부여받으세요.	SubText								0
SCREEN-002	역할 선택	1.0	RadioGroup	역할 선택				"""role"""				"[""작업자 (WORKER)"", ""검수자 (REVIEWER)""]"	0
SCREEN-002	권한 부여 폼	2.0	Input	관리자 패스워드				"""adminPassword"""			관리자에게 받은 패스워드를 입력하세요		40
SCREEN-002	권한 부여 폼	2.1	Alert	에러 메시지		destructive			"""hidden"""				22
SCREEN-002	권한 부여 폼	2.2	Button	권한 부여 확인		primary	API-007						0
SCREEN-003	접근 거부 안내 hero	0.0	Custom	잠금 아이콘 (lucide Lock, 붉은 원형 배지)	LockIconBadge								0
SCREEN-003	접근 거부 안내 hero	0.1	Heading	이 화면에 접근할 수 없습니다									0
SCREEN-003	접근 거부 안내 hero	0.2	Custom	현재 역할로는 이 페이지에 접근 권한이 없습니다.	Description								0
SCREEN-003	현재 역할 표시 + 대시보드 이동	1.0	Badge	현재 역할 배지 (검수자/작업자/포털)				"""useAuthStore.claims.role"""					0
SCREEN-003	현재 역할 표시 + 대시보드 이동	1.1	Button	대시보드로		primary							13
SCREEN-004	DEV 안내 헤더	0.0	Heading	Dev Login									0
SCREEN-004	DEV 안내 헤더	0.1	Custom	DEV 빌드 전용	Badge								9
SCREEN-004	DEV 안내 헤더	0.2	Custom	안내 문구: 로컬·개발 환경에서 관제서버 없이 토큰을 발급합니다. 운영 배포에는 포함되지 않습니다.	Text								0
SCREEN-004	토큰 발급 폼	1.0	RadioGroup	역할 선택				"""role"""				"[""REVIEWER (1001, 김검수) · INTERNAL"", ""WORKER (2001, 최라벨) · INTERNAL"", ""PORTAL_USER (3001, 홍길동) · PORTAL""]"	0
SCREEN-004	토큰 발급 폼	1.1	Input	userNo (선택)				"""userNo"""			역할별 기본값(예 1001)		0
SCREEN-004	토큰 발급 폼	1.2	Input	expSeconds (선택)				"""expSeconds"""			3600		16
SCREEN-004	토큰 발급 폼	1.3	Alert	토큰 발급 실패 / localStorage 저장 실패 등 에러 메시지		destructive			"""hidden"""				35
SCREEN-004	토큰 발급 폼	1.4	Button	토큰 발급 + 진입		primary							63
SCREEN-005	라벨링 헤더 바	0.0	Button	× 닫기		ghost							35
SCREEN-005	라벨링 헤더 바	0.1	Heading	CCTV명 / 프레임명									0
SCREEN-005	라벨링 헤더 바	0.2	Badge	이벤트 유형									32
SCREEN-005	라벨링 헤더 바	0.3	Text	Frame N / 총 프레임									13
SCREEN-005	라벨링 헤더 바	0.4	Text	● 편집 중 / ✓ 저장됨									11
SCREEN-005	라벨링 헤더 바	0.5	Text	N개 객체									0
SCREEN-005	라벨링 헤더 바	0.6	Badge	DEID / RAW									20
SCREEN-005	라벨링 헤더 바	0.7	Button	비식별 누락 신고		secondary	API-032						37
SCREEN-005	라벨링 헤더 바	0.8	Button	히스토리		outline	API-034						28
SCREEN-005	라벨링 헤더 바	0.9	Button	저장		primary	API-019						20
SCREEN-005	라벨링 헤더 바	0.10	Button	검수제출		primary							33
SCREEN-005	좌측 도구바	1.0	Button	선택 (S)									15
SCREEN-005	좌측 도구바	1.1	Button	바운딩박스 (B)									13
SCREEN-005	좌측 도구바	1.2	Button	폴리곤 (P)									16
SCREEN-005	좌측 도구바	1.3	Button	SAM 분할 (G)			API-093						89
SCREEN-005	좌측 도구바	1.4	Button	SAM 추적 (T)			API-020						75
SCREEN-005	좌측 도구바	1.5	Button	삭제 (Del)									17
SCREEN-005	좌측 도구바	1.6	Button	실행취소 (Ctrl+Z)									4
SCREEN-005	좌측 도구바	1.7	Button	저장 (Ctrl+S)			API-019						10
SCREEN-005	좌측 도구바	1.8	Button	키포인트 (K)									63
SCREEN-005	좌측 도구바	1.9	Button	오토라벨 (YOLO)		secondary	API-124						54
SCREEN-005	라벨 마스터 사이드바	2.0	List	라벨 목록			API-024						39
SCREEN-005	라벨링 캔버스	3.0	Custom	라벨링 캔버스	KonvaCanvasStage		API-021						39
SCREEN-005	라벨링 캔버스	3.1	Custom	SAM2 자동추적	Sam2TrackTool		API-020						32
SCREEN-005	우측 객체·속성·메타 패널	4.0	Custom	객체 목록	ObjectClassTree		API-018						24
SCREEN-005	우측 객체·속성·메타 패널	4.1	Select	라벨			API-024						32
SCREEN-005	우측 객체·속성·메타 패널	4.2	Custom	신뢰도	ConfidenceBar								22
SCREEN-005	우측 객체·속성·메타 패널	4.3	Input	X/Y/W/H 좌표									21
SCREEN-005	우측 객체·속성·메타 패널	4.4	Textarea	시계열 메타(VLM 텍스트)			API-066						10
SCREEN-005	우측 객체·속성·메타 패널	4.5	Button	메타 저장		primary	API-067						10
SCREEN-005	우측 객체·속성·메타 패널	4.6	Custom	시계열 메타 탭	MetaSection								48
SCREEN-005	버전 이력 인라인 패널	5.0	List	커밋 목록			API-034						48
SCREEN-005	버전 이력 인라인 패널	5.1	Custom	변경 내용 (Diff)	DiffViewer		API-035						0
SCREEN-005	버전 이력 인라인 패널	5.2	Button	롤백		secondary	API-036						30
SCREEN-005	하단 프레임 타임라인	6.0	Custom	프레임 썸네일 strip	DarkFrameStrip		API-021						15
SCREEN-005	하단 프레임 타임라인	6.1	Custom	프레임 슬라이더	DarkFrameSlider								21
SCREEN-005	확인·신고 모달	7.0	Dialog	저장 안 한 변경사항									23
SCREEN-005	확인·신고 모달	7.1	Button	저장 후 닫기		primary	API-019						0
SCREEN-005	확인·신고 모달	7.2	Dialog	비식별 누락 신고									18
SCREEN-005	확인·신고 모달	7.3	Textarea	신고 사유									7
SCREEN-005	확인·신고 모달	7.4	Button	신고하기		destructive							27
SCREEN-005	키포인트 인체 가이드	8.0	Custom	인체 포즈 가이드	KeypointGuide		API-019						32
SCREEN-005	프레임 설명 패널	9.0	Textarea	프레임 설명(NIA image.description)			API-129						24
SCREEN-005	프레임 설명 패널	9.1	Button	설명 저장		primary	API-129						0
SCREEN-005	트랙 편집 (삭제/분할/머지)	10.0	Button	트랙 삭제(이후 프레임)		destructive	API-126						56
SCREEN-005	트랙 편집 (삭제/분할/머지)	10.1	Button	트랙 분할		secondary	API-127						56
SCREEN-005	트랙 편집 (삭제/분할/머지)	10.2	Button	트랙 병합		secondary	API-125						36
SCREEN-005	트랙 편집 (삭제/분할/머지)	10.3	Button	YOLO 트랙(인터랙티브)		outline	API-123						33
SCREEN-005	이벤트 어노테이션 패널	11.0	Heading	이벤트 어노테이션(VQA/CoT)									0
SCREEN-005	이벤트 어노테이션 패널	11.1	Badge	검토 상태			API-132						40
SCREEN-005	이벤트 어노테이션 패널	11.2	Text	event_class(필수)									0
SCREEN-005	이벤트 어노테이션 패널	11.3	Textarea	caption(수동입력)			API-134						53
SCREEN-005	이벤트 어노테이션 패널	11.4	Custom	evidence(근거 객체)	EvidenceLinker								25
SCREEN-005	이벤트 어노테이션 패널	11.5	Button	어노테이션 저장		primary	API-134						0
SCREEN-005	이벤트 어노테이션 패널	11.6	Button	승인		primary	API-133						8
SCREEN-005	이벤트 어노테이션 패널	11.7	Button	반려		destructive	API-135						15
SCREEN-005	오토라벨 클래스·정밀도 모달	12.0	Heading	오토라벨(AI 탐지) 설정									0
SCREEN-005	오토라벨 클래스·정밀도 모달	12.1	Custom	검출 클래스 선택	AutolabelClassModal								26
SCREEN-005	오토라벨 클래스·정밀도 모달	12.2	Select	도형(shape)								"[""BBOX"", ""POLYGON""]"	0
SCREEN-005	오토라벨 클래스·정밀도 모달	12.3	Custom	정밀도(confThreshold) 슬라이더	YoloConfigCard								29
SCREEN-005	오토라벨 클래스·정밀도 모달	12.4	Input	폴리곤 단순화(simplifyTolerance)									25
SCREEN-005	오토라벨 클래스·정밀도 모달	12.5	Button	오토라벨 실행		primary	API-124						0
SCREEN-005	개인정보·촬영환경 메타 패널	13.0	Custom	개인정보 메타 (프레임 축)	FramePrivacyMetaPanel							"[""anonymity"", ""pseudonymity"", ""privacyIncluded""]"	84
SCREEN-005	개인정보·촬영환경 메타 패널	13.1	Custom	개인정보 메타 (영상 축)	VideoPrivacyMetaPanel							"[""anonymity"", ""pseudonymity"", ""privacyIncluded""]"	111
SCREEN-005	개인정보·촬영환경 메타 패널	13.2	Custom	촬영환경 메타	EnvironmentMetaPanel							"[""weather"", ""timeOfDay"", ""season""]"	54
SCREEN-006	① 영상 플레이어 (스트리밍·배속)	0.0	Custom	영상 플레이어	VideoPlayer								53
SCREEN-006	① 영상 플레이어 (스트리밍·배속)	0.1	Button	재생 / 일시정지		secondary							0
SCREEN-006	① 영상 플레이어 (스트리밍·배속)	0.2	Custom	배속 0.25x~4x	SpeedButtons								0
SCREEN-006	① 영상 플레이어 (스트리밍·배속)	0.3	Custom	탐색 슬라이더(range)	SeekBar								0
SCREEN-006	① 영상 플레이어 (스트리밍·배속)	0.4	Heading	현재시각 / 총길이 (mm:ss)									0
SCREEN-006	② 마킹 타임라인	1.0	Custom	타임라인 마킹 막대	MarkingTimeline			"""localMarks"""					0
SCREEN-006	③ 마킹 툴바 (모드·완료·비식별 신고)	2.0	Custom	자동 / 수동 모드	ModeToggle								0
SCREEN-006	③ 마킹 툴바 (모드·완료·비식별 신고)	2.1	Input	간격(프레임)				"""intervalFrames"""			300		32
SCREEN-006	③ 마킹 툴바 (모드·완료·비식별 신고)	2.2	Button	초기화		secondary							0
SCREEN-006	③ 마킹 툴바 (모드·완료·비식별 신고)	2.3	Button	마킹 완료		primary	API-047		"""disabled"""				0
SCREEN-006	③ 마킹 툴바 (모드·완료·비식별 신고)	2.4	Button	비식별 누락 신고		secondary	API-091						175
SCREEN-006	③ 마킹 툴바 (모드·완료·비식별 신고)	2.5	Custom	신고 불가 사유 툴팁	UnsupportedReasonTooltip								194
SCREEN-006	④ 현재 마킹 칩 목록	3.0	Custom	마킹 칩 (F{frame} (mm:ss))	MarkChip			"""localMarks"""					0
SCREEN-006	⑤ 배치단계 인디케이터	4.0	Custom	배치단계 인디케이터	BatchStageIndicator		API-043						24
SCREEN-006	⑤ 배치단계 인디케이터	4.1	Progress	단계 진행률									0
SCREEN-007	페이지 헤더 + 새로고침	0.0	Heading	영상 처리 현황									0
SCREEN-007	페이지 헤더 + 새로고침	0.1	Button	새로고침		secondary							39
SCREEN-007	검색·필터 (VideoFilters)	1.0	Input	CCTV명 / 영상ID				"""params.cctvNameKeyword"""			검색어 입력		0
SCREEN-007	검색·필터 (VideoFilters)	1.1	Select	상태				"""params.dataSttsCd"""				"[""전체 상태"", ""완료"", ""처리중"", ""마킹 대기"", ""대기"", ""실패""]"	0
SCREEN-007	검색·필터 (VideoFilters)	1.2	Select	이벤트 유형				"""params.eventTypeCd"""				"[""전체 이벤트"", ""(서버 조회 동적 옵션 — value=categoryKey, 표시=label)""]"	182
SCREEN-007	검색·필터 (VideoFilters)	1.3	Input	시작일				"""params.from"""					9
SCREEN-007	검색·필터 (VideoFilters)	1.4	Input	종료일				"""params.to"""					9
SCREEN-007	검색·필터 (VideoFilters)	1.5	Button	조회		primary	API-042						0
SCREEN-007	검색·필터 (VideoFilters)	1.6	Button	초기화		secondary							0
SCREEN-007	일괄 배정 바 (REVIEWER 전용)	2.0	Custom	선택 N건 → N개 일괄 배정	BulkAssignBar		API-070						37
SCREEN-007	영상 목록 테이블 + 페이지네이션	3.0	Checkbox	전체 선택									0
SCREEN-007	영상 목록 테이블 + 페이지네이션	3.1	Table	영상 목록			API-042	"""data.content"""					51
SCREEN-007	영상 목록 테이블 + 페이지네이션	3.2	Custom	재배정 버튼	RowReassignButton		API-071						101
SCREEN-007	영상 목록 테이블 + 페이지네이션	3.3	Custom	마킹 버튼	RowMarkingButton		API-047						73
SCREEN-007	영상 목록 테이블 + 페이지네이션	3.4	Custom	배정자(workerName / 미배정)	AssigneeCell								21
SCREEN-007	영상 목록 테이블 + 페이지네이션	3.5	Custom	상세 → /video/{id}	RowDetailLink								0
SCREEN-007	영상 목록 테이블 + 페이지네이션	3.6	Custom	페이지네이션	Pagination								41
SCREEN-007	영상 목록 테이블 + 페이지네이션	3.7	Custom	해당하는 영상이 없습니다.	EmptyState								0
SCREEN-007	영상 목록 테이블 + 페이지네이션	3.8	Custom	영상 목록을 불러올 수 없습니다	ErrorState								0
SCREEN-007	영상 목록 테이블 + 페이지네이션	3.9	Custom	로딩 스켈레톤	Skeleton								0
SCREEN-007	작업자 재배정/일괄 배정 모달 (AssignModal, REVIEWER 전용)	4.0	Custom	작업자 배정 모달	AssignModal		API-071						124
SCREEN-007	마킹 진입 팝업 (MarkingModal, REVIEWER 전용)	5.0	Dialog	마킹 방식 선택									0
SCREEN-007	마킹 진입 팝업 (MarkingModal, REVIEWER 전용)	5.1	Button	자동		outline							14
SCREEN-007	마킹 진입 팝업 (MarkingModal, REVIEWER 전용)	5.2	Button	수동		outline							67
SCREEN-007	마킹 진입 팝업 (MarkingModal, REVIEWER 전용)	5.3	Input	프레임 간격							예: 300 (프레임마다)		40
SCREEN-007	마킹 진입 팝업 (MarkingModal, REVIEWER 전용)	5.4	Button	자동 마킹 시작		primary	API-047						70
SCREEN-009	영상 헤더 카드	0.0	Button	뒤로가기		ghost							12
SCREEN-009	영상 헤더 카드	0.1	Custom	썸네일	AuthImage		API-021	"""framePreviews[0].srcSn"""					0
SCREEN-009	영상 헤더 카드	0.2	Heading	CCTV명				"""video.cctvName"""					0
SCREEN-009	영상 헤더 카드	0.3	Badge	이벤트 유형 배지(EventTypeBadge)				"""video.eventTypeCd"""					0
SCREEN-009	영상 헤더 카드	0.4	Badge	상태 배지(StatusBadge)				"""video.status"""					0
SCREEN-009	영상 헤더 카드	0.5	Button	재비식별 요청		secondary	API-112						183
SCREEN-009	탭 네비게이션	1.0	Tabs	상세 탭								"[""기본 정보"", ""프레임 미리보기"", ""오토라벨 결과""]"	0
SCREEN-009	기본 정보 탭	2.0	KeyValue	메타 정보 그리드				"""video"""					53
SCREEN-009	기본 정보 탭	2.1	Custom	처리 단계 표시	BatchStageIndicator			"""video.stages"""					0
SCREEN-009	프레임 미리보기 탭	3.0	Custom	프레임 썸네일	AuthImage		API-021	"""framePreviews[].srcSn"""					0
SCREEN-009	프레임 미리보기 탭	3.1	Button	프레임 상세 보기		ghost							8
SCREEN-009	프레임 라이트박스 모달	4.0	Dialog	프레임 확대 모달									13
SCREEN-009	프레임 라이트박스 모달	4.1	Custom	확대 프레임 이미지	AuthImage		API-021	"""lightboxFrame.srcSn"""					0
SCREEN-009	프레임 라이트박스 모달	4.2	Button	닫기		secondary							0
SCREEN-009	프레임 라이트박스 모달	4.3	Button	라벨링 편집		primary							24
SCREEN-009	오토라벨 결과 탭	5.0	Stat	처리 정보(총 라벨/오토라벨/비율/상태 4종)									0
SCREEN-009	오토라벨 결과 탭	5.1	Chart	신뢰도 분포 막대				"""labels.confidence"""					0
SCREEN-009	오토라벨 결과 탭	5.2	Chart	라벨별 분포 바				"""labels.labelCode"""					0
SCREEN-009	오토라벨 결과 탭	5.3	Alert	빈/에러 상태									21
SCREEN-010	페이지 헤더	0.0	Button	뒤로가기		ghost							12
SCREEN-010	페이지 헤더	0.1	Heading	버전 관리									0
SCREEN-010	페이지 헤더	0.2	Custom	videoId 표기	VideoIdLabel								0
SCREEN-010	커밋 목록	1.0	List	커밋 목록			API-034	"""versions[]"""					0
SCREEN-010	커밋 목록	1.1	Checkbox	커밋 비교 선택(최대 2)									0
SCREEN-010	커밋 목록	1.2	Badge	최신									0
SCREEN-010	커밋 목록	1.3	Custom	버전 이력 로딩	Spinner				"""loading"""				0
SCREEN-010	변경 내용 (Diff)	2.0	Custom	라벨 변경 목록	DiffViewer		API-035	"""diffs[]"""					0
SCREEN-010	변경 내용 (Diff)	2.1	Alert	변경된 라벨이 없습니다					"""default"""				0
SCREEN-010	롤백	3.0	Button	롤백		secondary	API-036						0
SCREEN-010	롤백	3.1	Dialog	이 버전으로 롤백하시겠습니까?		destructive	API-036						0
SCREEN-011	헤더 (제목·현재시각·새로고침)	0.0	Heading	대시보드									0
SCREEN-011	헤더 (제목·현재시각·새로고침)	0.1	Custom	실시간 현재시각 1s 갱신	NowClock								47
SCREEN-011	헤더 (제목·현재시각·새로고침)	0.2	Button	새로고침		secondary							57
SCREEN-011	KPI 카드 그리드 (역할별)	1.0	Stat	처리 대기			API-055						26
SCREEN-011	KPI 카드 그리드 (역할별)	1.1	Stat	처리 완료			API-055						28
SCREEN-011	KPI 카드 그리드 (역할별)	1.2	Stat	내 작업			API-055						34
SCREEN-011	KPI 카드 그리드 (역할별)	1.3	Stat	반려 건수			API-055						27
SCREEN-011	KPI 카드 그리드 (역할별)	1.4	Skeleton	로딩 ×3|4									29
SCREEN-011	데이터 개수 카드 (이미지·영상, 이벤트 6종 분포)	2.0	Card	이미지 데이터 개수			API-055						97
SCREEN-011	데이터 개수 카드 (이미지·영상, 이벤트 6종 분포)	2.1	Card	영상 데이터 개수			API-055						63
SCREEN-011	데이터 개수 카드 (이미지·영상, 이벤트 6종 분포)	2.2	List	이벤트 6종 분포 FALL/VIOLENCE/TRAFFIC_ACCIDENT/ABNORMAL_BEHAVIOR/FLOOD/WILDFIRE								"[""FALL"", ""VIOLENCE"", ""TRAFFIC_ACCIDENT"", ""ABNORMAL_BEHAVIOR"", ""FLOOD"", ""WILDFIRE""]"	30
SCREEN-011	최근 완료 영상 테이블	3.0	Table	CCTV명/이벤트/길이/완료일			API-042						39
SCREEN-011	최근 완료 영상 테이블	3.1	Badge	EventTypeBadge 이벤트 배지									28
SCREEN-011	최근 완료 영상 테이블	3.2	Skeleton	로딩									15
SCREEN-011	내 작업 현황 테이블 (WORKER 한정)	4.0	Table	영상/상태/진행률			API-072						44
SCREEN-011	내 작업 현황 테이블 (WORKER 한정)	4.1	Badge	StatusBadge 작업 상태									0
SCREEN-011	내 작업 현황 테이블 (WORKER 한정)	4.2	Progress	ProgressBar 진행률									34
SCREEN-011	내 작업 현황 테이블 (WORKER 한정)	4.3	Skeleton	로딩									16
SCREEN-011	에러 상태 배너	5.0	Alert	대시보드 정보를 불러올 수 없습니다		destructive							33
SCREEN-012	헤더 (제목·역할 배지·새로고침)	0.0	Heading	작업 목록									0
SCREEN-012	헤더 (제목·역할 배지·새로고침)	0.1	Badge	현재 역할: 검수자/작업자								"[""검수자"", ""작업자""]"	23
SCREEN-012	헤더 (제목·역할 배지·새로고침)	0.2	Button	새로고침									44
SCREEN-012	검색·필터 폼 (TaskFilters)	1.0	Input	영상명/작업자명									31
SCREEN-012	검색·필터 폼 (TaskFilters)	1.1	Select	이벤트: 전체/동적 이벤트 유형									209
SCREEN-012	검색·필터 폼 (TaskFilters)	1.2	Select	상태: 전체/미배정(REVIEWER)/대기/진행중/검수대기/완료/반려								"[""전체"", ""미배정(REVIEWER)"", ""대기"", ""진행중"", ""검수대기"", ""완료"", ""반려""]"	41
SCREEN-012	검색·필터 폼 (TaskFilters)	1.3	Select	작업자			API-001						54
SCREEN-012	검색·필터 폼 (TaskFilters)	1.4	Button	조회		primary							0
SCREEN-012	검색·필터 폼 (TaskFilters)	1.5	Button	초기화		secondary							23
SCREEN-012	KPI 카드 (REVIEWER 5종 서버집계 / WORKER 4종 클라이언트집계)	2.0	Stat	REVIEWER 5카드 — 전체/미배정/작업중/검수요청/반려			API-136						145
SCREEN-012	KPI 카드 (REVIEWER 5종 서버집계 / WORKER 4종 클라이언트집계)	2.1	Stat	WORKER 4카드 — 전체/진행중/검수대기/반려									74
SCREEN-012	일괄 배정 액션바 (REVIEWER, 1건+ 선택 시)	3.0	Badge	N개 선택됨									21
SCREEN-012	일괄 배정 액션바 (REVIEWER, 1건+ 선택 시)	3.1	Button	선택 해제		ghost							30
SCREEN-012	일괄 배정 액션바 (REVIEWER, 1건+ 선택 시)	3.2	Button	N개 일괄 배정		primary							39
SCREEN-012	작업 목록 테이블 + 페이지네이션	4.0	Checkbox	현재 페이지 전체 선택									29
SCREEN-012	작업 목록 테이블 + 페이지네이션	4.1	Table	선택/영상명/이벤트/상태/작업자/검수자/액션			API-073						86
SCREEN-012	작업 목록 테이블 + 페이지네이션	4.2	Button	배정		ghost							50
SCREEN-012	작업 목록 테이블 + 페이지네이션	4.3	Button	재배정		ghost							56
SCREEN-012	작업 목록 테이블 + 페이지네이션	4.4	Button	작업		ghost							47
SCREEN-012	작업 목록 테이블 + 페이지네이션	4.5	Button	마킹		ghost							51
SCREEN-012	작업 목록 테이블 + 페이지네이션	4.6	Button	이력		ghost							33
SCREEN-012	작업 목록 테이블 + 페이지네이션	4.7	Pagination	페이지네이션									67
SCREEN-012	작업 목록 테이블 + 페이지네이션	4.8	Skeleton	로딩									19
SCREEN-012	작업 목록 테이블 + 페이지네이션	4.9	Custom	배정된 작업이 없습니다	EmptyState								0
SCREEN-012	작업 배정 모달 (AssignModal)	5.0	Custom	영상 정보 / 대상 영상 bulk	VideoInfoBox								12
SCREEN-012	작업 배정 모달 (AssignModal)	5.1	Select	작업자 *			API-002						43
SCREEN-012	작업 배정 모달 (AssignModal)	5.2	Select	검수자			API-001						69
SCREEN-012	작업 배정 모달 (AssignModal)	5.3	Button	취소		outline							0
SCREEN-012	작업 배정 모달 (AssignModal)	5.4	Button	저장 / N건 일괄 배정		primary	API-070						76
SCREEN-012	배정 이력 Drawer (HistoryDrawer)	6.0	Custom	대상 작업 영상명	TargetTaskBox								0
SCREEN-012	배정 이력 Drawer (HistoryDrawer)	6.1	Timeline	배정 이력			API-072					"[""ASSIGN"", ""REASSIGN"", ""SUBMIT"", ""APPROVE"", ""REJECT""]"	72
SCREEN-012	배정 이력 Drawer (HistoryDrawer)	6.2	Button	닫기		ghost							0
SCREEN-012	배정 이력 Drawer (HistoryDrawer)	6.3	Skeleton	로딩									0
SCREEN-012	배정 이력 Drawer (HistoryDrawer)	6.4	Custom	이력이 없습니다	EmptyState								0
SCREEN-018	검수 현황 KPI	0.0	Card	검수 대기									39
SCREEN-018	검수 현황 KPI	0.1	Card	검수중									39
SCREEN-018	검수 현황 KPI	0.2	Card	승인									37
SCREEN-018	검수 현황 KPI	0.3	Card	반려									31
SCREEN-018	검색·상태 필터	1.0	Input	영상명 / 작업자명				"""keyword"""			검색어를 입력하세요		0
SCREEN-018	검색·상태 필터	1.1	Select	상태				"""statusFilter"""				"[""전체"", ""검수 대기"", ""검수중"", ""승인"", ""반려""]"	0
SCREEN-018	검색·상태 필터	1.2	Button	조회		primary							0
SCREEN-018	검색·상태 필터	1.3	Button	초기화		ghost							17
SCREEN-018	검수 목록 테이블	2.0	Table	검수 목록									0
SCREEN-018	검수 목록 테이블	2.1	Badge	이벤트 유형									32
SCREEN-018	검수 목록 테이블	2.2	Badge	상태									57
SCREEN-018	검수 목록 테이블	2.3	Button	검수시작 ▶ / 이어서 검수 / 결과보기 ▶		primary							34
SCREEN-018	검수 목록 테이블	2.4	Pagination	페이지네이션									26
SCREEN-019	검수 헤더 (영상 메타·상태)	0.0	Button	검수 페이지 닫기		ghost							26
SCREEN-019	검수 헤더 (영상 메타·상태)	0.1	Heading	영상명 + #videoId / 작업자·제출일				"""review.cctvName"""					0
SCREEN-019	검수 헤더 (영상 메타·상태)	0.2	Custom	Frame N/total	FrameCounter								0
SCREEN-019	검수 헤더 (영상 메타·상태)	0.3	Custom	검수 상태 배지	StatusBadge			"""review.status"""					0
SCREEN-019	라벨 캔버스 (읽기 전용)	1.0	Custom	Konva 읽기 전용 캔버스	LabelCanvas			"""frameList.frames[currentFrameIdx]"""					0
SCREEN-019	라벨 캔버스 (읽기 전용)	1.1	Custom	읽기 전용	ReadOnlyBadge								0
SCREEN-019	객체 목록 (카테고리 트리)	2.0	List	카테고리 그룹 트리				"""frameList.frames[currentFrameIdx].labels"""					0
SCREEN-019	객체 목록 (카테고리 트리)	2.1	Custom	라벨 타입 배지	TypeBadge								0
SCREEN-019	객체 속성 패널	3.0	Card	선택 객체 속성 dl				"""selectedLabel"""					0
SCREEN-019	객체 속성 패널	3.1	Custom	객체를 선택하세요	EmptyState								0
SCREEN-019	검수 메모 패널 (이슈·의견)	4.0	Switch	이슈 추가 모드 토글									0
SCREEN-019	검수 메모 패널 (이슈·의견)	4.1	List	이슈 목록(BE+pending)				"""issues"""					0
SCREEN-019	검수 메모 패널 (이슈·의견)	4.2	Custom	첨부파일 (준비 중)	AttachPlaceholder				"""disabled"""				0
SCREEN-019	검수 메모 패널 (이슈·의견)	4.3	Textarea	검수 의견							검수 전반에 대한 의견을 입력하세요 (최대 200자)		0
SCREEN-019	프레임 타임라인	5.0	Custom	검수 진행률	ProgressBar								0
SCREEN-019	프레임 타임라인	5.1	List	프레임 썸네일 스트립				"""frameList.frames"""					0
SCREEN-019	검수 액션 바 (승인·반려)	6.0	Button	반려		destructive	API-015						0
SCREEN-019	검수 액션 바 (승인·반려)	6.1	Button	승인		primary	API-014						0
SCREEN-019	검수 액션 바 (승인·반려)	6.2	Dialog	승인 확정 ConfirmDialog			API-014						0
SCREEN-019	검수 액션 바 (승인·반려)	6.3	Dialog	반려 처리 RejectModal			API-015						0
SCREEN-020	헤더·작업자 선택	0.0	Heading	작업자 통계									0
SCREEN-020	헤더·작업자 선택	0.1	Custom	조회 대상 작업자명	WorkerNameSub			"""workerStat.workerName"""					0
SCREEN-020	헤더·작업자 선택	0.2	Select	작업자 선택					"""default"""				101
SCREEN-020	KPI 4종	1.0	Stat	완료 작업				"""workerStat.completed"""					0
SCREEN-020	KPI 4종	1.1	Stat	진행 중				"""workerStat.inProgress"""					0
SCREEN-020	KPI 4종	1.2	Stat	반려				"""workerStat.rejected"""					0
SCREEN-020	KPI 4종	1.3	Stat	총 라벨 수				"""workerStat.labelCount"""					0
SCREEN-020	보조 지표 (오토라벨 비율·반려율)	2.0	Stat	오토라벨 비율				"""workerStat.autoLabelRate"""					0
SCREEN-020	보조 지표 (오토라벨 비율·반려율)	2.1	Stat	반려율				"""workerStat.rejectRate"""					0
SCREEN-020	일별 작업량 차트 (최근 30일)	3.0	Chart	일별 완료 바차트				"""workerStat.dailyCompletion"""					0
SCREEN-020	월별 통계 표 (최근 12개월)	4.0	Table	월별 통계				"""workerStat.monthly"""					0
SCREEN-021	① 헤더 + 리포트 다운로드	0.0	Heading	전체 구축 현황									0
SCREEN-021	① 헤더 + 리포트 다운로드	0.1	Button	리포트 다운로드		primary	API-058						46
SCREEN-021	② 누적 학습데이터 2카드	1.0	Stat	이미지 학습데이터 (장)				"""overall.cumulativeImageCount"""					0
SCREEN-021	② 누적 학습데이터 2카드	1.1	Stat	영상 학습데이터 (건)				"""overall.cumulativeVideoCount"""					0
SCREEN-021	③ 처리 현황 5카드	2.0	Stat	전체									0
SCREEN-021	③ 처리 현황 5카드	2.1	Stat	완료									0
SCREEN-021	③ 처리 현황 5카드	2.2	Stat	처리중									0
SCREEN-021	③ 처리 현황 5카드	2.3	Stat	실패									0
SCREEN-021	③ 처리 현황 5카드	2.4	Stat	대기									0
SCREEN-021	④ 일별 전체 작업량 막대차트	3.0	Chart	일별 전체 작업량 (최근 30일)				"""overall.dailyCounts"""					34
SCREEN-021	⑤ 이벤트 유형 분포	4.0	Chart	이벤트 분포 파이차트									39
SCREEN-021	⑤ 이벤트 유형 분포	4.1	List	이벤트 분포 가로막대 (6종 고정)				"""overall.eventDistribution"""					35
SCREEN-021	⑥ 작업자별 현황 테이블	5.0	Table	작업자별 현황				"""overall.workers"""					40
SCREEN-021	⑦ 에러 상태	6.0	Alert	전체 통계를 불러올 수 없습니다		destructive			"""error"""				0
SCREEN-022	SFR-07 안내 배너	0.0	Alert	처리 요청은 검수 완료(승인)된 영상만 가능합니다.		primary							24
SCREEN-022	Step 1: 처리 종류 선택 (단일 선택)	1.0	Custom	처리 종류 카드 ×4 (겨울/야간/우천/해상도 변경) — 단일 선택	ProcessKindCard								110
SCREEN-022	Step 1: 처리 종류 선택 (단일 선택)	1.1	Badge	선택된 종류 라벨									33
SCREEN-022	Step 1: 처리 종류 선택 (단일 선택)	1.2	Alert	처리 종류를 하나 선택하세요.		outline			"""default"""				24
SCREEN-022	Step 1: 처리 종류 선택 (단일 선택)	1.3	Custom	타겟 해상도 선택 (RESOLUTION 종류 선택 시에만)	TargetResolutionSelect		API-092					"[""RESL_1080P"", ""RESL_720P"", ""RESL_480P""]"	272
SCREEN-022	Step 1: 처리 종류 선택 (단일 선택)	1.4	Custom	생성 조건(prompt) 5필드 (증강 3종 선택 시에만)	AugmentPromptFieldset							"[""time"", ""season"", ""weather"", ""terrain"", ""severity""]"	228
SCREEN-022	Step 2: 대상 영상 선택 (단일 선택)	2.0	Input	영상명 / CCTV / ID 검색							검색어 입력		0
SCREEN-022	Step 2: 대상 영상 선택 (단일 선택)	2.1	Select	이벤트								"[""전체"", ""고정 이벤트 유형들""]"	0
SCREEN-022	Step 2: 대상 영상 선택 (단일 선택)	2.2	Button	조회		primary	API-042						0
SCREEN-022	Step 2: 대상 영상 선택 (단일 선택)	2.3	Button	초기화		secondary							0
SCREEN-022	Step 2: 대상 영상 선택 (단일 선택)	2.4	Table	검수 완료 영상 테이블 (단건 라디오 선택)			API-042						85
SCREEN-022	Step 2: 대상 영상 선택 (단일 선택)	2.5	Custom	이벤트 유형 배지	EventTypeBadge								0
SCREEN-022	Step 2: 대상 영상 선택 (단일 선택)	2.6	Custom	이전/다음 페이지 이동	Pagination								17
SCREEN-022	Step 2: 대상 영상 선택 (단일 선택)	2.7	Badge	검수 완료 N건 / #N 선택									50
SCREEN-022	Step 2: 대상 영상 선택 (단일 선택)	2.8	Button	선택 해제		ghost							23
SCREEN-022	최근 요청 이력	3.0	Custom	증강 잡 카드 ×6 (유형/상태/요청일시)	JobCard		API-059						37
SCREEN-022	최근 요청 이력	3.1	Badge	전체 N건									0
SCREEN-022	최근 요청 이력	3.2	Alert	이력을 불러올 수 없습니다		destructive							10
SCREEN-022	고정 하단 액션 바	4.0	Custom	선택: {종류} × 영상 #N	SelectionSummary								34
SCREEN-022	고정 하단 액션 바	4.1	Button	취소		secondary							0
SCREEN-022	고정 하단 액션 바	4.2	Button	처리 요청		primary	API-060		"""disabled"""				150
SCREEN-022	고정 하단 액션 바	4.3	Toast	증강 요청 등록됨 / 증강 요청 실패									0
SCREEN-023	① 페이지 헤더	0.0	Heading	증강 결과 확인									0
SCREEN-023	① 페이지 헤더	0.1	Breadcrumb	데이터 증강 / 잡 #{jobId}									0
SCREEN-023	① 페이지 헤더	0.2	Badge	잡 상태(PROCESSING/COMPLETED/FAILED)				"""summary.status"""					0
SCREEN-023	② 작업 요약 카드	1.0	KeyValue	작업 ID/증강 유형/대상 영상/총 처리 이미지/생성일				"""summary"""					0
SCREEN-023	② 작업 요약 카드	1.1	Progress	진행률					"""hidden"""				36
SCREEN-023	③ 잡 상태 배너 / 라벨 무결성	2.0	Alert	증강 처리 중입니다...									29
SCREEN-023	③ 잡 상태 배너 / 라벨 무결성	2.1	Alert	증강 처리 실패		destructive							18
SCREEN-023	③ 잡 상태 배너 / 라벨 무결성	2.2	Button	재시도		secondary							30
SCREEN-023	③ 잡 상태 배너 / 라벨 무결성	2.3	Stat	라벨 무결성 %				"""summary.labelIntegrity"""					37
SCREEN-023	④ 영상별 결과 섹션	3.0	Tabs	증강 유형(겨울/야간/비/해상도)								"[""WINTER"", ""NIGHT"", ""RAIN"", ""RESOLUTION""]"	0
SCREEN-023	④ 영상별 결과 섹션	3.1	Custom	12 프레임 페어 그리드(원본/증강)	FrameGrid12			"""result.framePairs"""					0
SCREEN-023	④ 영상별 결과 섹션	3.2	Custom	원본 vs 증강 좌우 비교	SideBySideCompare			"""selectedPair"""					0
SCREEN-023	④ 영상별 결과 섹션	3.3	Button	더 보기		ghost							30
SCREEN-023	⑤ 활용 결정 카드(DecisionCard)	4.0	Button	채택		primary	API-062						0
SCREEN-023	⑤ 활용 결정 카드(DecisionCard)	4.1	Button	거부		destructive	API-063						24
SCREEN-023	⑤ 활용 결정 카드(DecisionCard)	4.2	Dialog	거부 사유 입력									35
SCREEN-023	⑤ 활용 결정 카드(DecisionCard)	4.3	Toast	채택/거부 처리됨·처리 실패									0
SCREEN-023	⑤ 활용 결정 카드(DecisionCard)	4.4	Button	복구		secondary							184
SCREEN-023	⑤ 활용 결정 카드(DecisionCard)	4.5	Alert	폐기 유예 안내		outline							86
SCREEN-023	⑥ 로딩 / 에러 / 잘못된 잡 ID	5.0	Skeleton	로딩 스켈레톤					"""loading"""				0
SCREEN-023	⑥ 로딩 / 에러 / 잘못된 잡 ID	5.1	Alert	증강 결과를 불러올 수 없습니다 / 잘못된 잡 ID					"""error"""				0
SCREEN-024	페이지 헤더 (사용자 수 요약)	0.0	Heading	사용자 관리									0
SCREEN-024	페이지 헤더 (사용자 수 요약)	0.1	Custom	전체 N명	UserCountBadge		API-001	"""users.totalElements"""					0
SCREEN-024	검색·역할·상태 필터	1.0	Input	검색			API-001				이름 또는 이메일 검색		0
SCREEN-024	검색·역할·상태 필터	1.1	Button	검색		primary	API-001						0
SCREEN-024	검색·역할·상태 필터	1.2	Select	역할								"[""전체 역할"", ""검수자"", ""작업자"", ""포털""]"	0
SCREEN-024	검색·역할·상태 필터	1.3	Select	상태								"[""전체 상태"", ""활성"", ""비활성""]"	0
SCREEN-024	검색·역할·상태 필터	1.4	Button	필터 초기화		ghost							0
SCREEN-024	사용자 목록 테이블	2.0	Table	사용자 목록			API-001						0
SCREEN-024	사용자 목록 테이블	2.1	Button	수정		ghost							11
SCREEN-024	사용자 목록 테이블	2.2	Button	비활성화/활성화		ghost							19
SCREEN-024	사용자 목록 테이블	2.3	Custom	페이지네이션	Pagination								0
SCREEN-024	사용자 목록 테이블	2.4	Alert	사용자 목록을 불러올 수 없습니다					"""error"""				0
SCREEN-024	활성/비활성 전환 확인 다이얼로그	3.0	Dialog	사용자 활성화/비활성화 확인									0
SCREEN-024	활성/비활성 전환 확인 다이얼로그	3.1	Button	활성화/비활성화		destructive	API-004						0
SCREEN-024	활성/비활성 전환 확인 다이얼로그	3.2	Button	취소		secondary							0
SCREEN-024	사용자 정보 수정 모달	4.0	Dialog	사용자 정보 수정									0
SCREEN-024	사용자 정보 수정 모달	4.1	Select	역할								"[""검수자"", ""작업자"", ""포털""]"	0
SCREEN-024	사용자 정보 수정 모달	4.2	Select	상태								"[""활성"", ""비활성""]"	0
SCREEN-024	사용자 정보 수정 모달	4.3	Button	저장		primary	API-004						0
SCREEN-024	사용자 정보 수정 모달	4.4	Button	취소		secondary							0
SCREEN-025	페이지 헤더	0.0	Heading	시스템 설정									0
SCREEN-025	편집 가능 — DB 영속화 (설정 카드 3종)	1.0	Card	배치 처리 카드			API-069						0
SCREEN-025	편집 가능 — DB 영속화 (설정 카드 3종)	1.1	Custom	처리 주기 (초) 10~300	Slider			"""configs.BATCH_INTERVAL_SEC"""					0
SCREEN-025	편집 가능 — DB 영속화 (설정 카드 3종)	1.2	Custom	동시 처리 수 1~8	Slider			"""configs.BATCH_CONCURRENCY"""					0
SCREEN-025	편집 가능 — DB 영속화 (설정 카드 3종)	1.3	Card	YOLO 추론 파라미터 카드			API-069						0
SCREEN-025	편집 가능 — DB 영속화 (설정 카드 3종)	1.4	Custom	Confidence Threshold 0.25~0.80	Slider			"""configs.YOLO_CONF_THRESHOLD"""					0
SCREEN-025	편집 가능 — DB 영속화 (설정 카드 3종)	1.5	Input	이미지 크기 imgsz (320~1920, step32)				"""configs.YOLO_IMGSZ"""					0
SCREEN-025	편집 가능 — DB 영속화 (설정 카드 3종)	1.6	Custom	IoU 임계값 0.25~0.80	Slider			"""configs.YOLO_IOU"""					0
SCREEN-025	편집 가능 — DB 영속화 (설정 카드 3종)	1.7	Card	라벨링 정밀도 카드 (FEAT-007)			API-069						0
SCREEN-025	편집 가능 — DB 영속화 (설정 카드 3종)	1.8	Custom	인식 민감도 0.25~0.80	Slider			"""configs.YOLO_CONF_THRESHOLD"""					0
SCREEN-025	편집 가능 — DB 영속화 (설정 카드 3종)	1.9	Custom	경계 세밀함 0.0~50.0px	Slider			"""configs.POLYGON_SIMPLIFY_TOLERANCE"""					0
SCREEN-025	편집 가능 — DB 영속화 (설정 카드 3종)	1.10	Button	저장		primary	API-069						0
SCREEN-025	실시간 모니터링 — 외부 연동 헬스	2.0	List	외부 연동 상태 목록				"""health.components"""					0
SCREEN-025	실시간 모니터링 — 외부 연동 헬스	2.1	Custom	정상/연결 끊김/서비스 중단	StatusBadge								0
SCREEN-025	위험 액션 (placeholder)	3.0	Alert	위험 액션 운영 도구 이관 예정 안내									0
SCREEN-025	위험 액션 (placeholder)	3.1	Button	시스템 초기화 (개발 전용)		destructive							0
SCREEN-025	위험 액션 (placeholder)	3.2	Button	배치 큐 초기화		secondary							0
SCREEN-025	위험 액션 (placeholder)	3.3	Button	캐시 삭제		secondary							0
SCREEN-025	위험 액션 (placeholder)	3.4	Dialog	위험 액션 확인 다이얼로그									0
SCREEN-026	페이지 헤더 · 프리셋 추가	0.0	Heading	프리셋 관리									0
SCREEN-026	페이지 헤더 · 프리셋 추가	0.1	Custom	라벨 코드 프리셋 관리 — 전체 N개	PageHeader								0
SCREEN-026	페이지 헤더 · 프리셋 추가	0.2	Button	프리셋 추가		primary							42
SCREEN-026	프리셋 카드 그리드	1.0	Card	프리셋 카드									19
SCREEN-026	프리셋 카드 그리드	1.1	List	라벨 코드 칩 목록				"""preset.labelCodes"""					0
SCREEN-026	프리셋 카드 그리드	1.2	Button	수정		ghost							19
SCREEN-026	프리셋 카드 그리드	1.3	Button	삭제		ghost							25
SCREEN-026	프리셋 카드 그리드	1.4	Custom	로딩 스켈레톤 ×4	Skeleton				"""loading"""				0
SCREEN-026	프리셋 카드 그리드	1.5	Custom	등록된 프리셋이 없습니다	EmptyState								0
SCREEN-026	프리셋 카드 그리드	1.6	Custom	프리셋 목록을 불러올 수 없습니다	ErrorState				"""error"""				0
SCREEN-026	페이지네이션	2.0	Custom	페이지네이션	Pagination			"""safePage"""					0
SCREEN-026	프리셋 편집 모달	3.0	Input	프리셋 이름							예: 교통사고 표준 프리셋		2
SCREEN-026	프리셋 편집 모달	3.1	Textarea	설명							프리셋에 대한 설명을 입력하세요.		0
SCREEN-026	프리셋 편집 모달	3.2	Select	매핑 이벤트 타입								"[""선택 안 함 (-)"", ""EVENT_TYPE_OPTIONS 6종""]"	0
SCREEN-026	프리셋 편집 모달	3.3	Custom	라벨 마스터 체크박스 멀티셀렉트 (형태는 읽기 전용)	PresetCodeChip								162
SCREEN-026	프리셋 편집 모달	3.4	Button	만들기/저장		primary	API-038						0
SCREEN-026	프리셋 편집 모달	3.5	Button	취소		secondary							0
SCREEN-026	프리셋 편집 모달	3.6	Alert	미연결 라벨 경고 배너		outline							89
SCREEN-026	프리셋 삭제 확인	4.0	Dialog	프리셋 삭제									0
SCREEN-026	프리셋 삭제 확인	4.1	Button	삭제		destructive	API-040						0
SCREEN-026	프리셋 삭제 확인	4.2	Button	취소		secondary							0
SCREEN-027	파일 + 메타 입력 폼	0.0	Heading	영상 업로드 (PageHeader)									45
SCREEN-027	파일 + 메타 입력 폼	0.1	Input	영상 파일					"""default"""				95
SCREEN-027	파일 + 메타 입력 폼	0.2	Input	vmsClipId							test-xxxx		21
SCREEN-027	파일 + 메타 입력 폼	0.3	Input	cctvId							CCTV-001		40
SCREEN-027	파일 + 메타 입력 폼	0.4	Select	eventTypeCd								"[""EVT_FALL"", ""EVT_VIOLENCE"", ""EVT_ACCIDENT"", ""EVT_ABNORMAL"", ""EVT_FLOOD"", ""EVT_FIRE""]"	38
SCREEN-027	파일 + 메타 입력 폼	0.5	Input	localGovCd							11680		49
SCREEN-027	파일 + 메타 입력 폼	0.6	RadioGroup	prvcTypeCd								"[""ANONY (원본만 저장)"", ""PRVC (비식별 처리 대상)"", ""PSDO (비식별 처리 대상)""]"	0
SCREEN-027	파일 + 메타 입력 폼	0.7	Input	capturedAt									42
SCREEN-027	파일 + 메타 입력 폼	0.8	Custom	영상 길이 (durationSec)	DurationPlaceholder				"""readonly"""				45
SCREEN-027	파일 + 메타 입력 폼	0.9	Checkbox	실행 단계 선택 (4종 토글)								"[""프레임 추출 (FRAME_EXTRACT)"", ""비식별 (DEIDENTIFY)"", ""YOLO 자동 라벨 (YOLO)"", ""SAM2 세그멘테이션 (SAM2)""]"	21
SCREEN-027	파일 + 메타 입력 폼	0.10	Alert	에러 메시지		destructive			"""hidden"""				53
SCREEN-027	파일 + 메타 입력 폼	0.11	Button	실행		primary							127
SCREEN-027	파일 + 메타 입력 폼	0.12	Button	초기화		secondary							10
SCREEN-027	실행 결과 + 파이프라인 상태	1.0	Card	실행 결과									20
SCREEN-027	실행 결과 + 파이프라인 상태	1.1	Custom	rawSn 칩	RawSnChip								38
SCREEN-027	실행 결과 + 파이프라인 상태	1.2	Custom	파이프라인 상태	PipelineStatus								43
SCREEN-027	실행 결과 + 파이프라인 상태	1.3	Custom	파이프라인 진행 중	Spinner				"""loading"""				17
SCREEN-027	실행 결과 + 파이프라인 상태	1.4	Alert	파이프라인 실행 실패		destructive			"""hidden"""				51
SCREEN-027	실행 결과 + 파이프라인 상태	1.5	List	결과 메타 3열									22
SCREEN-027	실행 결과 + 파이프라인 상태	1.6	List	단계별 진행 칩			API-043						78
SCREEN-027	실행 결과 + 파이프라인 상태	1.7	Custom	영상 상세 보기 →	Link								37
SCREEN-030	페이지 헤더	0.0	Heading	게시판 / 공지사항									0
SCREEN-030	페이지 헤더	0.1	Button	+ 새 공지 작성		primary	API-097						12
SCREEN-030	검색 필터	1.0	Select	검색 필드								"[""제목+내용"", ""제목"", ""내용""]"	0
SCREEN-030	검색 필터	1.1	Input	검색어							검색어를 입력하세요		0
SCREEN-030	검색 필터	1.2	Button	검색		secondary	API-095						0
SCREEN-030	게시글 테이블	2.0	Table	공지 목록			API-095						0
SCREEN-030	게시글 테이블	2.1	Custom	페이지네이션	Pagination								0
SCREEN-031	상단 액션 바	0.0	Button	목록으로		ghost							34
SCREEN-031	상단 액션 바	0.1	Button	수정		secondary							57
SCREEN-031	상단 액션 바	0.2	Button	발행		primary	API-100						55
SCREEN-031	상단 액션 바	0.3	Button	발행취소		secondary	API-101						64
SCREEN-031	상단 액션 바	0.4	Button	삭제		destructive							57
SCREEN-031	게시글 본문	1.0	Badge	고정									37
SCREEN-031	게시글 본문	1.1	Badge	발행 / 작성중									63
SCREEN-031	게시글 본문	1.2	Heading	공지 제목				"""notice.title"""					2
SCREEN-031	게시글 본문	1.3	KeyValue	게시 메타									86
SCREEN-031	게시글 본문	1.4	Text	본문				"""notice.content"""					31
SCREEN-031	게시글 본문	1.5	Skeleton	로딩 placeholder					"""loading"""				22
SCREEN-031	게시글 본문	1.6	Alert	공지를 불러올 수 없습니다					"""error"""				44
SCREEN-031	첨부파일 다운로드	2.0	Heading	첨부파일 (N)									21
SCREEN-031	첨부파일 다운로드	2.1	List	첨부 다운로드 목록			API-107						102
SCREEN-031	공지 수정 모달 (REVIEWER)	3.0	Input	제목 *						"""필수 · 최대 200자 (zod noticeSchema)"""	공지 제목을 입력하세요 (최대 200자)		40
SCREEN-031	공지 수정 모달 (REVIEWER)	3.1	Textarea	내용 *						"""필수 (zod)"""	공지 내용을 입력하세요.		27
SCREEN-031	공지 수정 모달 (REVIEWER)	3.2	Checkbox	상단 고정									18
SCREEN-031	공지 수정 모달 (REVIEWER)	3.3	Button	파일 추가		secondary	API-106						87
SCREEN-031	공지 수정 모달 (REVIEWER)	3.4	List	기존 첨부 목록			API-108						83
SCREEN-031	공지 수정 모달 (REVIEWER)	3.5	Button	취소		secondary							5
SCREEN-031	공지 수정 모달 (REVIEWER)	3.6	Button	저장		primary	API-098						72
SCREEN-031	삭제 확인 모달 (REVIEWER)	4.0	Dialog	공지를 삭제하시겠습니까?		destructive							48
SCREEN-031	삭제 확인 모달 (REVIEWER)	4.1	Button	삭제		destructive	API-099						91
SCREEN-031	삭제 확인 모달 (REVIEWER)	4.2	Button	취소		secondary							20
SCREEN-032	페이지 헤더	0.0	Heading	비식별 신고 관리									0
SCREEN-032	신고 상태 필터 탭	1.0	Custom	상태 탭 (미해소 OPEN / 해소됨 RESOLVED)	StatusTabs							"[""미해소(OPEN)"", ""해소됨(RESOLVED)""]"	0
SCREEN-032	신고 상태 필터 탭	1.1	Custom	전체 N건 배지	CountBadge			"""reports.totalElements"""					0
SCREEN-032	신고 목록 테이블	2.0	Table	신고 목록									0
SCREEN-032	신고 목록 테이블	2.1	Button	해소 처리		primary	API-094						262
SCREEN-032	신고 목록 테이블	2.2	Custom	페이지네이션	Pagination								37
SCREEN-032	신고 목록 테이블	2.3	Alert	신고 목록을 불러올 수 없습니다					"""error"""				0
SCREEN-035	페이지 헤더 + 라벨 추가	0.0	Heading	라벨 관리									0
SCREEN-035	페이지 헤더 + 라벨 추가	0.1	Text	라벨 클래스(마스터) 관리 — 전체 N개									0
SCREEN-035	페이지 헤더 + 라벨 추가	0.2	Button	라벨 추가		primary	API-024						0
SCREEN-035	라벨 마스터 테이블	1.0	Table	라벨 마스터 목록			API-024						0
SCREEN-035	라벨 마스터 테이블	1.1	IconButton	속성									15
SCREEN-035	라벨 마스터 테이블	1.2	IconButton	수정									37
SCREEN-035	라벨 마스터 테이블	1.3	IconButton	삭제		destructive							24
SCREEN-035	라벨 추가/수정 모달	2.0	Input	라벨명									0
SCREEN-035	라벨 추가/수정 모달	2.1	Select	형태 (BBOX/POLYGON/POINT/SKELETON)								"[""BBOX"", ""POLYGON"", ""POINT"", ""SKELETON""]"	0
SCREEN-035	라벨 추가/수정 모달	2.2	Input	색상									0
SCREEN-035	라벨 추가/수정 모달	2.3	Input	정렬순									0
SCREEN-035	라벨 추가/수정 모달	2.4	Select	COCO 검출클래스 매핑(선택)									0
SCREEN-035	라벨 추가/수정 모달	2.5	Button	저장		primary	API-026						0
SCREEN-035	라벨 추가/수정 모달	2.6	Button	취소		secondary							0
SCREEN-035	삭제 확인 모달	3.0	Dialog	라벨 삭제		destructive							0
SCREEN-035	삭제 확인 모달	3.1	Button	삭제		destructive	API-027						0
SCREEN-035	삭제 확인 모달	3.2	Button	취소		secondary							0
SCREEN-035	속성 정의 패널 (LabelAttrDefPanel)	4.0	List	속성 정의 목록			API-028						0
SCREEN-035	속성 정의 패널 (LabelAttrDefPanel)	4.1	Button	속성 추가		primary	API-029						0
SCREEN-035	속성 정의 패널 (LabelAttrDefPanel)	4.2	IconButton	속성 수정			API-030						0
SCREEN-035	속성 정의 패널 (LabelAttrDefPanel)	4.3	IconButton	속성 삭제		destructive	API-031						0
